Type,Name,Request Count,Failure Count,Median Response Time,Average Response Time,Min Response Time,Max Response Time,Average Content Size,Requests/s,Failures/s,50%,66%,75%,80%,90%,95%,98%,99%,99.9%,99.99%,100%
POST,/,1080,29,110.0,2819.447013305419,5.584152000665199,80142.78669199848,2.712037037037037,5.006423887958768,0.13443175254704098,120,3100,4600,5400,8400,10000,12000,13000,79000,80000,80000
GET,/ping,1110,0,5,8.542750344159677,3.139079002721701,238.94058899895754,4.0,5.145491218179845,0.0,5,6,6,7,12,23,35,64,240,240,240
,Aggregated,2190,29,8,1394.7421129003917,3.139079002721701,80142.78669199848,3.364840182648402,10.151915106138613,0.13443175254704098,8,12,110,1700,5400,8400,11000,12000,78000,80000,80000
