Type,Name,Request Count,Failure Count,Median Response Time,Average Response Time,Min Response Time,Max Response Time,Average Content Size,Requests/s,Failures/s,50%,66%,75%,80%,90%,95%,98%,99%,99.9%,99.99%,100%
POST,/,1104,0,7,8.930854269119267,3.902886004652828,120.46172500413377,0.0,8.04168553410165,0.0,7,8,9,10,14,20,29,41,100,120,120
GET,/ping,1131,0,5,8.305914371191449,3.084092997596599,201.46973700320814,4.0,8.238357191185658,0.0,5,6,7,8,13,19,27,46,200,200,200
,Aggregated,2235,0,6,8.614609515402774,3.084092997596599,201.46973700320814,2.0241610738255034,16.280042725287306,0.0,6,7,8,9,14,19,28,43,200,200,200
